,count,avg_recency,avg_frequency,avg_monetary,total_revenue,avg_order_value,revenue_contribution
High,404.0,216.83168316831683,171.77970297029702,3496.829433168317,1412719.091,20.3564761884177,83.7595533506967
Medium,326.0,165.81288343558282,39.02453987730061,660.6729141104295,215379.37,16.929678509668292,12.769757234175044
Low,250.0,133.676,12.936,234.15164000000001,58537.91,18.10077612863327,3.4706894151282355
