裂变类型,ROI,激励系数
助力砍价,18.999999999999996,5%
拼团狂买,19.0,5%
无裂变页面,18.999999999999996,5%
助力砍价,9.0,10%
拼团狂买,9.0,10%
无裂变页面,9.0,10%
助力砍价,5.666666666666667,15%
拼团狂买,5.666666666666667,15%
无裂变页面,5.666666666666666,15%
助力砍价,4.0,20%
拼团狂买,4.0,20%
无裂变页面,4.0,20%
助力砍价,3.0,25%
拼团狂买,2.9999999999999996,25%
无裂变页面,3.0,25%
