历史活动总次数,count,sum,转化率
1,29319,4841,0.16511477199085917
2,30770,3617,0.11754956126096848
3,3911,936,0.23932498082331885
