当前策略_匹配历史,count,sum,转化率
不匹配,40496,4921,0.12151817463453181
匹配_助力,11739,2302,0.1960984751682426
匹配_拼团,11765,2171,0.18453038674033148
