历史行为组合_名称,count,sum,转化率
助力+拼团,2537,672,0.26487977926685063
全部参与,3911,936,0.23932498082331885
仅拼团,14635,2558,0.17478647078920395
仅助力,14684,2283,0.1554753473168074
拼团+推荐,14099,1584,0.11234839350308533
助力+推荐,14134,1361,0.09629262770624027
