城市类型,count,sum,转化率
一线,25661,3568,0.13904368496940883
中小,9563,1799,0.18812088256823173
二线,28776,4027,0.1399430080622741
