设备,count,sum,转化率
其它,7762,1333,0.17173408915228033
手机,28021,3563,0.12715463402448163
电脑,28217,4498,0.15940744940993018
