曾助力,count,sum,转化率
0,28734,4142,0.14414978770794182
1,35266,5252,0.1489253104973629
