曾推荐,count,sum,转化率
0,31856,5513,0.17306002009040683
1,32144,3881,0.12073792931806869
