曾拼团,count,sum,转化率
0,28818,3644,0.1264487473107086
1,35182,5750,0.16343584787675516
