商品ID,商品名称,预测得分
P012,无印良品沙发,0.7743385999429042
P018,SK-II神仙水,0.43783806677937526
P022,香奈儿面霜,0.4938767470114417
P030,倩碧卸妆油,0.5495170427205961
P031,彪马运动背心,0.5926104491248709
