商品ID,商品名称,预测得分
P012,无印良品沙发,2.2186886064308085
P030,倩碧卸妆油,1.6695332879622038
P031,彪马运动背心,1.7935603074865647
P046,锐步健身器材,1.4259103667023485
P048,《Python数据科学》,1.5626082706610274
