商品ID,商品名称,推荐得分
P010,雅诗兰黛口红,0.6810482683609019
P022,香奈儿面霜,0.6006371879642491
P030,倩碧卸妆油,1.1608735065574562
P031,彪马运动背心,1.1279468432423139
P043,林氏木业电视柜,0.8946951245482995
